Page URL,Proposed Title,Proposed Description,Proposed Keywords,New Title,New Description
https://johnsonmediaco.com/,Premium Austin Video Production | JMCo Storytellers,"Looking for creative video that actually connects? JMCo helps Austin brands tell bold, emotionally-driven stories with precision and passion.","austin video production, video production company austin, brand storytelling agency, corporate video production austin, austin filmmakers, creative direction agency, premium video production austin, JMCo, johnson media co",Austin Video Production That Punches Above Its Weight | JMCo,JMCo delivers big-league videos without the bloated price tag. We help your marketing team punch above its weight and your budget will love it.
https://johnsonmediaco.com/articles/,Behind the Brand: JMCo Articles on Film & Story,"Explore how top brands use storytelling to drive impact. JMCo shares insights on creative direction, video marketing, and behind-the-scenes tips.","video marketing strategy, brand storytelling video, creative direction, austin video production blog, behind the scenes filmmaking, storytelling for brands, JMCo articles, johnson media blog","JMCo Behind the Scenes: Storytelling, Film, and Strategy","Real stories. Real strategy. JMCo pulls back the curtain on brand videos that work—sharing raw takes, creative process, and tips your team can run with."
https://johnsonmediaco.com/contact-us/,Start Your Story | Contact JMCo Video Production,"Let’s bring your brand to life. Reach out to JMCo for premium video production in Austin—story-first, creatively led, and always collaborative.","contact austin video production, book a video call austin, creative video agency texas, JMCo contact, storytelling video company austin, austin brand video production",Talk to JMCo | Austin’s Story-First Video Creators,"Big ideas start with a call. Let’s talk about bringing yours to life—with bold visuals, smart strategy, and a team that actually gets your brand."
https://johnsonmediaco.com/about-us/,Meet JMCo | Premium Video & Brand Storytelling,"We’re not just a production company—we’re your creative partner. JMCo brings vision, strategy, and intention to every story we help tell.","about johnson media, austin video production team, creative video agency austin, brand storytelling experts, meet JMCo, austin filmmakers, texas video company",Meet JMCo | Austin’s Creative Video Strategy Team,"Not just cameras—creative firepower. JMCo partners with Austin brands to craft sharp, intentional stories that hit home and look incredible doing it."
https://johnsonmediaco.com/work/,,,"Austin video production portfolio, creative video work Austin, video production examples, branded video showcase, corporate video portfolio, storytelling video projects, professional video production work",Creative Work Showcase | Austin Video Production | JMCo,"Explore JMCo’s portfolio of branded content, corporate videos, and storytelling projects—each crafted to solve unique challenges with visual impact."
https://johnsonmediaco.com/work-categories/branded-video-content/,Branded Video Production That Connects | JMCo,Your brand deserves more than a promo—it needs a story. JMCo creates cinematic branded video content rooted in emotional connection and creative vision.,"branded video content, austin brand video production, brand storytelling video, creative video agency, austin video production for brands, JMCo branded work",Branded Video That Hits Home | JMCo in Austin,"Forget bland promos. JMCo makes branded videos that move people—cinematic, emotional, and built to make your brand unforgettable in under 90 seconds."
https://johnsonmediaco.com/work-categories/explainer-videos/,Explainer Videos with Creative Direction | JMCo,"Turn complexity into clarity. JMCo makes explainer videos that are smart, stylish, and rooted in your brand story. Let’s craft something meaningful.","explainer video austin, explainer video production, branded explainer video, video production for startups, creative direction agency, storytelling explainer video, JMCo explainer videos",Explainer Videos That Actually Explain | JMCo Austin,"Confused customers don’t convert. JMCo makes explainer videos that simplify fast, reflect your brand, and keep attention where it belongs—on you."
https://johnsonmediaco.com/work-categories/motion-graphics/,Austin Motion Graphics & Animation Studio | JMCo,"Custom animation meets creative direction. JMCo crafts motion graphics that elevate your message across web, ads, and branded video campaigns.","motion graphics austin, motion graphics for brands, custom animation austin, video animation company, creative direction agency, austin video studio, JMCo motion graphics",Austin Motion Graphics & Animation That Moves People | JMCo,"From scroll-stopping ads to branded content, JMCo blends custom animation with sharp creative direction to help your message cut through the noise."
https://johnsonmediaco.com/work-categories/promotional-video-production/,Promotional Video Production in Austin | JMCo,"Whether you're launching a product or telling a bold brand story, JMCo crafts promo videos that hit hard and leave a lasting emotional impact.","promotional video production austin, brand promo video, product launch video, creative video agency, video production austin texas, JMCo promotional work",Austin Promo Videos That Pack a Punch & Tell Your Story | JMCo,"We make promotional videos that sell, scale, and stick. Whether it’s a bold brand launch or a product reveal, JMCo brings the heat—and the heart."
https://johnsonmediaco.com/work-categories/animation/,Custom Animation & Motion Design | JMCo Austin,"From 2D visuals to stylized brand pieces, JMCo delivers high-end animation that enhances your story and elevates your brand presence.","animation studio austin, custom animation for brands, branded animation, motion design austin, creative video agency texas, JMCo animation work",High-End Animation & Motion Design That Moves Brands | JMCo,Slick 2D? Stylized brand flair? We animate what matters. JMCo blends art and intent to turn your ideas into custom visuals your audience won’t forget.
https://johnsonmediaco.com/work-categories/architecture-video-production/,Architecture Video Production in Austin | JMCo,"JMCo captures space with story. From modern homes to branded architecture reels, we film environments that inspire, sell, and stand out.","architecture video production austin, real estate videographers, cinematic real estate video, branded architectural video, JMCo architecture work, texas video production",Architecture Video That Sells Space & Story | JMCo Austin,"We don’t just film buildings—we reveal what makes them iconic. JMCo turns spaces into stories that spark desire, sell listings, and elevate your brand."
https://johnsonmediaco.com/work-categories/non-profit-video/,Nonprofit Video Production That Inspires | JMCo,"JMCo partners with nonprofits to craft powerful videos that move hearts, raise funds, and bring missions to life with clarity, soul, and impact.","nonprofit video production austin, storytelling for nonprofits, fundraising video production, mission-driven video content, austin video production, JMCo nonprofit work",Nonprofit Videos That Move People to Act | JMCo Austin,"We help nonprofits turn missions into movements. JMCo crafts story-rich videos that raise funds, grow awareness, and stir hearts to take meaningful action."
https://johnsonmediaco.com/work-categories/corporate-video-production/,Corporate Video Production in Austin | JMCo,"JMCo creates corporate videos that actually connect—story-driven, cinematic, and custom-tailored for Austin businesses with vision.","corporate video production austin, branded corporate video, business video production texas, austin video production company, corporate films, JMCo corporate work",Corporate Videos with Soul & Strategy | JMCo Austin,"Boring videos don’t belong in boardrooms. JMCo produces corporate films that feel cinematic, connect with clarity, and reflect the heart of your business."
https://johnsonmediaco.com/work-categories/healthcare-video-production/,Healthcare Video Production in Austin | JMCo,"From patient stories to medical campaigns, JMCo creates healthcare videos that build trust, inspire care, and elevate your brand’s mission.","healthcare video production austin, medical video production texas, patient testimonial videos, wellness brand storytelling, healthcare marketing video, JMCo healthcare work",Human-Centered Healthcare Videos in Austin | JMCo,Healthcare is personal. JMCo crafts story-driven medical videos—from patient journeys to brand campaigns—that earn trust and connect with compassion.
https://johnsonmediaco.com/work-categories/manufacturing-and-industrial/,Industrial & Manufacturing Video Production | JMCo,"Showcase precision, scale, and innovation. JMCo creates cinematic manufacturing videos that spotlight your people, process, and products.","manufacturing video production, industrial video austin, b2b video production texas, factory video production, austin corporate video, JMCo industrial work",Cinematic Industrial Videos That Work Hard | JMCo,"From factory floor to final product, JMCo turns complex processes into compelling stories. Built for B2B brands ready to show precision and pride in action."
WORK PORTFOLIO,,,,,
https://johnsonmediaco.com/work/wedge/,Any Asset. Anywhere. | Wedge x JMCo,"JMCo. helped Wedge launch an innovative app that makes spending smarter, with bold visuals and a story that’s flexible, empowering, and built for users.","Wedge app launch video, fintech video production, branded app launch, video for financial tech, JMCo Wedge project, any asset anywhere video, spending app commercial",,
https://johnsonmediaco.com/work/google-mio/,Feels Like Home | Google + Mio x JMCo,"JMCo. helped Mio and Google show how cross-platform chat and file sharing can feel seamless, intuitive, and built for the modern remote team.","Google Mio video, chat interoperability video, tech product launch, remote team communication, branded animation, JMCo Google partnership, SaaS video production",,
https://johnsonmediaco.com/work/bezi/,Create Together | Bezi x JMCo,"JMCo. helped Bezi launch an AI-powered design tool with a high-impact video that highlights speed, collaboration, and bold creative potential.","Bezi AI design tool, product launch video, creative collaboration software, branded tech video, 3D design workflow, JMCo Bezi launch, video for startups",,
https://johnsonmediaco.com/work/why-equi/,Balance Your Portfolio | Equi x JMCo,"JMCo. brought Equi’s modern investment philosophy to life with a polished, brand-aligned video campaign crafted from concept to final cut.","Equi investment video, financial brand storytelling, polished corporate video, New York video production, modern finance marketing, JMCo Equi campaign",,
https://johnsonmediaco.com/work/meet-ceo/,Meet the CEO | Equi x JMCo,"JMCo. helped Equi introduce their leadership with a polished, brand-aligned video that reflects clarity, trust, and a modern investment vision.","Equi CEO video, executive interview production, financial storytelling, New York corporate video, leadership video production, JMCo Equi project",,
https://johnsonmediaco.com/work/meet-cio/,Meet the CIO | Equi x JMCo,"JMCo. crafted a refined, on-brand video introducing Equi’s CIO—merging clarity, trust, and a fresh perspective on modern investment leadership.","Equi CIO video, executive video production, financial services storytelling, New York corporate video, leadership profile video, JMCo Equi work",,
https://johnsonmediaco.com/work/perigon/,What Will You Discover? | Perigon x JMCo,JMCo. crafted a bold teaser video for Perigon’s SXSW launch—amplifying their mission to redefine data access with striking visuals and clear messaging.,"Perigon SXSW video, product teaser video, tech launch video, data access storytelling, branded video production, JMCo Perigon work",,
https://johnsonmediaco.com/work/texas-health-and-human-resources/,Everyday Texas Hero | Texas HHS x JMCo,"JMCo. helped Texas HHS create powerful videos about Naloxone—real stories that educate, inspire, and empower Texans to save lives during opioid crises.","Naloxone awareness video, opioid overdose education, Texas public health campaign, Texas HHS video production, JMCo healthcare storytelling, lifesaving video content",,
https://johnsonmediaco.com/work/caritas-of-austin-2016/,Fighting Homelessness with Heart | Caritas x JMCo,"JMCo. partnered with Caritas of Austin to tell stories of hope, resilience, and real change in the fight against homelessness across the city.","nonprofit video production, homelessness awareness video, Caritas of Austin campaign, video storytelling for nonprofits, JMCo nonprofit work, Austin charity video",,
https://johnsonmediaco.com/work/hill-country-conservancy/,Find Your Why | Hill Country Conservancy x JMCo,"JMCo. crafted a heartfelt video series for Hill Country Conservancy, sharing landowners’ stories of conservation, legacy, and connection to the Texas Hill Country.","Hill Country Conservancy video, land conservation storytelling, Texas landowner interviews, nonprofit video production, JMCo conservation project, preserving Texas landscapes",,
https://johnsonmediaco.com/work/aia-homes-tour-2020-alterstudio/,Homes Tour | AIA Austin x JMCo,"JMCo. collaborated with AIA Austin to create immersive videos for the 2020 Homes Tour, capturing architectural beauty through dynamic visuals and custom sound.","AIA Austin Homes Tour 2020, Alterstudio Architecture video, architectural video production, Austin homes tour video, JMCo AIA collaboration, virtual architecture tour",,
https://johnsonmediaco.com/work/texas-targeted-opioid-response/,One Pill Kills | Texas HHS x JMCo,"JMCo. partnered with Texas HHS to create a fully animated video for the Texas Targeted Opioid Response initiative, educating Texans on opioid risks and resources.","Texas Targeted Opioid Response video, opioid awareness animation, public health campaign video, JMCo Texas HHS project, One Pill Kills initiative, opioid crisis education",,
https://johnsonmediaco.com/work/truewind/,Truewind x JMCo,"JMCo. partnered with Truewind to produce a sleek brand video that showcases their AI-powered accounting platform with clarity, confidence, and a modern edge.","Truewind video production, AI accounting platform video, fintech brand storytelling, startup launch video, JMCo Truewind project, modern financial tech video",,
https://johnsonmediaco.com/work/restream-solutions/,Data-Driven Oilfield Solutions | ReStream x JMCo,"JMCo. partnered with ReStream Solutions to showcase their real-time monitoring platform, highlighting smart machines, remote analytics, and robust design.","ReStream Solutions video, oilfield monitoring technology, real-time analytics video, industrial IoT storytelling, JMCo ReStream project, smart oilfield solutions",,
https://johnsonmediaco.com/work/auto-provisioning/,Provisioning | Callroute x JMCo,"JMCo. partnered with Callroute to create a clean, engaging explainer video that simplifies auto provisioning—what it is, how it works, and why it’s powerful. ","auto provisioning explainer, Callroute video production, IT automation video, SaaS onboarding animation, JMCo explainer video, provisioning process video",,
https://johnsonmediaco.com/work/mr-rogers-emotional-intelligence/,Emotional Intelligence | Mio x JMCo,"JMCo. partnered with Mio to craft a heartfelt video inspired by Mr. Rogers, highlighting the importance of emotional intelligence in modern communication.","Mr. Rogers emotional intelligence video, Mio communication platform, emotional intelligence storytelling, JMCo explainer video, modern communication awareness",,
https://johnsonmediaco.com/work/fox-robotics/,Meet the FoxBot | Fox Robotics x JMCo,"JMCo. partnered with Fox Robotics to showcase their fully autonomous forklift, blending dynamic visuals and sleek animation to highlight warehouse innovation. ","Fox Robotics video production, autonomous forklift showcase, warehouse automation video, industrial robotics storytelling, JMCo FoxBot project ",,
https://johnsonmediaco.com/work/escobedo-group/,Our Passion | Escobedo Group x JMCo,JMCo. partnered with Escobedo Group to craft a cinematic film honoring their unparalleled craftsmanship and attention to detail.,"Escobedo Group video, luxury home craftsmanship, artisan construction film, JMCo Escobedo project, high-end building storytelling, architectural videography",,
https://johnsonmediaco.com/work/significo/,Making Healthcare More Human | Significo x JMCo,JMCo. partnered with Significo to create emotionally resonant videos that showcase their mission to humanize healthcare through innovative technology.,"Significo healthcare video, human-centered health tech, patient-focused storytelling, healthcare innovation video, JMCo Significo project, medical technology branding",,
https://johnsonmediaco.com/work/the-method-of-places/,The Method of Places | JMCo,"JMCo. presents a poignant short film exploring memory, loss, and love through a child’s journey to preserve her father’s legacy.","The Method of Places short film, memory and loss storytelling, Aman Johnson director, Johnson Media Co. production, emotional narrative film, Austin Film Festival premiere",,
https://johnsonmediaco.com/work/the-cloudbuster-nine/,The Untold Story of Ted Williams | The Cloudbuster Nine x JMCo,JMCo. partnered with author Anne Keene to bring her acclaimed WWII-era baseball story to life through archival footage and heartfelt storytelling.,"The Cloudbuster Nine video, Ted Williams baseball story, World War II baseball history, Anne Keene book promotion, JMCo sports storytelling, archival baseball footage",,
https://johnsonmediaco.com/work/visual-effects/,Visual Effects for 12 Mighty Orphans | JMCo,"JMCo handled VFX cleanup and montage work for 12 Mighty Orphans, preserving historical accuracy and enhancing the emotional arc of the film.","12 Mighty Orphans visual effects, historical VFX cleanup, cinematic sports montage, Great Depression film VFX, JMCo visual effects, feature film VFX",,
https://johnsonmediaco.com/work/local-schools-local-impact/,"Local Schools, Local Impact | Austin ISD x JMCo","JMCo. partnered with Austin ISD to create authentic campaign ads for the 2022 Bond, featuring real staff voices to connect with the community.","Austin ISD bond campaign video, school bond promotional video, educational campaign ads, JMCo Austin ISD project, community-focused school videos, AISD 2022 bond storytelling",,
https://johnsonmediaco.com/work/the-future-of-3d-design/,The Future of 3D Design | Bezi x JMCo,"JMCo. partnered with Bezi to launch their AI-powered 3D design tool, delivering a dynamic video that showcases real-time collaboration and creative freedom.","Bezi 3D design video, AI-powered design tool launch, collaborative 3D modeling, creative technology storytelling, JMCo Bezi project, design innovation video",,
https://johnsonmediaco.com/work/chuck-amr/,Meet Chuck | Ocado x JMCo,"JMCo. partnered with Ocado to create a high-impact video introducing Chuck, their autonomous mobile robot revolutionizing warehouse operations. ","Chuck AMR video, Ocado Intelligent Automation, warehouse robotics, autonomous mobile robot, JMCo Chuck project, logistics automation video",,
https://johnsonmediaco.com/work/more-resources-safer-community/,"More Resources, Safer Community | ESD 8 x JMCo","JMCo. partnered with Georgetown ESD 8 to create authentic campaign videos featuring real firefighters, highlighting the impact of a vital emergency services proposition.","Georgetown ESD 8 campaign video, emergency services proposition video, firefighter storytelling, community safety campaign, JMCo ESD 8 project, public service announcement",,
https://johnsonmediaco.com/work/mio/,Mio Brand Video | Cross-Platform Chat Ad by JMCo,"See how JMCo brought Mio’s chat solution to life with an energetic brand video—making cross-platform communication feel fun, simple, and unforgettable.","Mio video production, cross-platform chat video, brand video Austin, Slack Zoom Teams integration, tech ad production, JMCo creative work, animated brand ad",,
https://johnsonmediaco.com/work/zoom-mio/,Seamless Chat Across Platforms | Zoom + Mio x JMCo,"JMCo. collaborated with Mio to create a vibrant video showcasing their integration with Zoom, enabling cross-platform messaging with Teams and Slack.","Zoom Mio integration video, cross-platform chat solution, Zoom Team Chat interoperability, Mio messaging bridge, JMCo Zoom project, unified workplace communication",,
BLOGS,,,,,
https://johnsonmediaco.com/2024/08/20/elevating-brand-stories-with-texas-video-production/,Elevating Brand Stories with Texas Video Production,"Discover how JMCo uses Texas-based video production to craft cinematic brand stories that resonate and convert. This is storytelling, elevated.","texas video production, brand storytelling texas, branded video production, creative video agency, JMCo texas, video production for brands",Cinematic Brand Storytelling from Texas | JMCo,We craft Texas-made videos that move people and drive results. Bold stories. Strategic impact. Built for brands that want to stand out.
https://johnsonmediaco.com/2024/08/20/showcasing-beauty-and-functionality-architecture-video-production-by-johnson-media-co/,Capturing Design: Architecture Videos | JMCo,"Discover how JMCo creates architecture videos that highlight design beauty and functionality, engaging clients and stakeholders effectively.","architecture video production, architecture video services, landscape video production, architectural videography, building design videos, JMCo architecture videos",Architecture Video Production That Sells Design | JMCo,"We film spaces with story. JMCo’s architecture videos spotlight form, function, and beauty—built to win clients and elevate your brand."
https://johnsonmediaco.com/2024/09/03/transform-your-footage-with-expert-video-editing-services-by-johnson-media-co/,Professional Video Editing Services in Austin | JMCo,"Discover how JMCo's expert video editing services turn raw footage into compelling stories, enhancing your brand's message and visual appeal.","expert video editing services, professional video editing, Austin video editing company, video post-production, brand storytelling through editing, JMCo video editing",Expert Video Editing Services in Austin That Bring Stories to Life | JMCo,"JMCo transforms raw footage into powerful narratives. Our pro editing services polish your vision, elevate your brand, and make every frame count."
https://johnsonmediaco.com/2024/09/03/extend-your-reach-with-trade-show-and-conference-videos-by-johnson-media-co/,Capturing Events: Trade Show Videos | JMCo,"Discover how JMCo's event video production captures key moments of your trade shows and conferences, extending their impact beyond the venue.","trade show video production, conference video services, event video production Austin, professional event videography, JMCo event videos",Trade Show & Event Video Production in Austin | JMCo,Don’t let your best moments fade. JMCo captures trade shows and conferences with style—turning live events into lasting marketing assets.
https://johnsonmediaco.com/2024/09/03/drive-engagement-with-high-impact-promotional-video-production-by-johnson-media-co/,Drive Engagement with Promotional Videos | JMCo,"Discover how JMCo's promotional videos captivate audiences and drive engagement, turning viewers into loyal customers with compelling storytelling.","high-impact promotional video production, engaging promotional videos, Austin video production services, brand storytelling, JMCo promotional videos",Promotional Video Production That Drives Engagement | JMCo,"Capture attention, spark action. JMCo’s promo videos blend storytelling and strategy to turn curious viewers into loyal customers—fast."
https://johnsonmediaco.com/2024/09/03/exceptional-video-production-for-engaging-branded-content/,Exceptional Video Production for Branded Content | JMCo,Discover how JMCo crafts exceptional branded videos that captivate audiences and elevate your brand's story through high-quality production.,"exceptional video production, engaging branded content, Austin video production services, branded video content, JMCo branded videos",Branded Video Production That Captivates | JMCo,"Your brand deserves more than stock footage. JMCo delivers high-quality, story-first videos that connect with your audience and elevate your content."
https://johnsonmediaco.com/2024/09/03/elevate-your-operations-with-manufacturing-and-industrial-video-production/,Elevate Operations with Industrial Video Production | JMCo,"Discover how JMCo's industrial video production enhances manufacturing operations, showcasing processes and products with precision and clarity.","manufacturing video production, industrial video services, Austin industrial videography, process demonstration videos, product highlight videos, JMCo manufacturing videos",Industrial Video Production That Powers Results | JMCo,"JMCo turns your operations into compelling visuals—spotlighting products, processes, and people with precision-crafted industrial videos that get noticed."
https://johnsonmediaco.com/2024/09/03/elevate-healthcare-communication-with-professional-video-production-by-johnson-media-co/,Enhancing Medical Communication Through Video | JMCo,Discover how JMCo's healthcare video production services enhance patient education and promote medical services with clarity and impact.,"healthcare video production, medical video services, patient education videos, healthcare communication, JMCo healthcare videos",Healthcare Video Production That Builds Trust | JMCo,"JMCo creates clear, compassionate medical videos that educate patients, elevate your services, and make healthcare communication human again."
https://johnsonmediaco.com/2024/09/03/elevate-your-message-with-professional-explainer-videos/,Custom Explainer Videos for Brands | JMCo,"Enhance your brand communication with JMCo's explainer videos, blending clarity and creativity to convey your message powerfully.","professional explainer video production, custom explainer videos Austin, engaging video content for brands, explainer video services, JMCo explainer videos",Custom Explainer Videos That Actually Explain | JMCo,"JMCo turns complex ideas into clear, engaging visuals. Our custom explainer videos blend clarity with creativity—because confused customers don’t convert."
https://johnsonmediaco.com/2024/09/03/unleashing-the-power-of-corporate-video-with-johnson-media-co-in-texas/,Professional Corporate Video Production | JMCo,"JMCo crafts professional corporate videos that communicate your brand's story effectively, fostering trust and connection with your audience.","corporate video production Texas, professional corporate videos, Austin corporate videography, business video services, JMCo corporate videos",Corporate Video Production That Builds Trust | JMCo,"JMCo creates professional corporate videos that make your brand look sharp, sound smart, and feel trustworthy—without boring your audience."
https://johnsonmediaco.com/2024/09/03/maximize-brand-impact-with-corporate-video-production/,Maximize Brand Impact with Corporate Video | JMCo,"JMCo crafts professional corporate videos that communicate your brand's story effectively, fostering trust and connection with your audience.","corporate video production Texas, professional corporate videos, Austin corporate videography, business video services, JMCo corporate videos",Maximize Brand Impact with Corporate Video | JMCo,"Your brand deserves more than a talking head. JMCo makes corporate videos that actually connect—clear, confident, and built to earn trust."
https://johnsonmediaco.com/2024/09/03/amplify-your-mission-with-branded-video-content-by-johnson-media-co/,Branded Video Content Production in Austin | JMCo,"JMCo specializes in branded video content, helping brands tell their stories through high-quality, impactful visuals that resonate with viewers.","branded video content production, brand storytelling agency, Austin video production for brands, branded video services, JMCo branded videos",Branded Video Content Production in Austin | JMCo,"Tired of forgettable content? JMCo creates branded videos that hit home—visually stunning, story-driven, and built to stick with your audience."
https://johnsonmediaco.com/2024/09/03/amplifying-nonprofit-missions-with-branded-video-content/,Nonprofit Storytelling Through Video | JMCo,"JMCo specializes in nonprofit video production, creating branded content that resonates with viewers and drives support for your cause.","nonprofit video production Austin, branded video content for nonprofits, nonprofit storytelling videos, nonprofit video services, JMCo nonprofit videos",Nonprofit Storytelling Through Video | JMCo,"Your mission deserves more than a mention. JMCo crafts nonprofit videos that move hearts, raise funds, and turn viewers into true believers."
https://johnsonmediaco.com/2024/09/03/captivating-brand-documentary-production/,Branded Storytelling Through Documentaries | JMCo,Elevate your brand with JMCo's documentary production—authentic stories that resonate and inspire.,"brand documentary production, branded storytelling videos, Austin video production for brands, brand documentaries, JMCo video storytelling",Branded Storytelling Through Documentaries | JMCo,"Real stories build real trust. JMCo produces brand documentaries that captivate, connect, and leave a lasting emotional impact on your audience."
https://johnsonmediaco.com/2024/09/03/our-services/,Video Production & Storytelling Services | JMCo,"See how JMCo helps brands, businesses, and nonprofits tell unforgettable stories through creative video production and thoughtful collaboration.","Austin video production services, brand storytelling agency, creative video services Texas, professional video production, JMCo services, video agency Austin",Creative Video Production & Storytelling Services | JMCo,"From bold brands to mission-driven nonprofits, JMCo brings your story to life with video that’s smart, cinematic, and built for connection."
https://johnsonmediaco.com/2024/09/04/bring-your-ideas-to-life-with-animation-and-motion-graphics-by-johnson-media-co/,Bring Ideas to Life with Animation & Motion Graphics | JMCo,"Discover how JMCo's animation and motion graphics services transform ideas into engaging visuals, enhancing your brand's message with creativity and precision.","animation and motion graphics Austin, custom animated video production, motion graphics services Texas, animated video services, JMCo animation",Animation & Motion Graphics That Move Your Message | JMCo,"JMCo turns your ideas into bold visuals with custom animation and motion graphics that clarify, captivate, and keep your brand top of mind."
https://johnsonmediaco.com/2024/09/18/crafting-visual-narratives-premier-video-production-services-in-texas/,Texas Brand Storytelling Experts | JMCo,"JMCo specializes in premier video production services, transforming brand stories into engaging visual content that resonates with audiences.","Texas video production services, brand storytelling agency, corporate video production Austin, JMCo video production, visual storytelling Texas",Texas Storytelling That Sticks | JMCo Video Production,"JMCo transforms Texas brands into unforgettable stories. We craft cinematic content that connects, converts, and keeps you top of mind."
https://johnsonmediaco.com/2024/09/19/captivate-your-audience-with-engaging-web-series-production-by-johnson-media-co/,Branded Web Series That Engage Audiences | JMCo,"JMCo specializes in producing compelling web series in Austin, blending storytelling and high-quality production to connect with your audience.","web series production Austin, branded web series, story-driven video content, web series production services, JMCo web series
",Branded Web Series That Keep Viewers Hooked | JMCo,"JMCo produces binge-worthy web series in Austin—story-driven, visually sharp, and built to grow your audience episode by episode."
https://johnsonmediaco.com/2024/09/19/build-trust-and-credibility-with-executive-interviews-testimonial-and-case-study-videos-by-johnson-media-co/,Build Trust with Executive Interviews & Testimonials | JMCo,JMCo specializes in crafting executive interviews and case study videos that build trust and highlight your brand's success stories.,"executive interview video production, testimonial video services Austin, case study video production Texas, corporate testimonial videos, JMCo video storytelling",Build Trust with Executive Interviews & Testimonials | JMCo,"Want your brand to feel real and trustworthy? JMCo crafts executive interviews and testimonials that connect, convert, and make your story stick."
https://johnsonmediaco.com/2024/11/11/how-johnson-media-co-transformed-a-startups-brand-through-video/,Transforming a Startup’s Brand Through Video | JMCo,Explore JMCo's approach to elevating startup brands with professional video content that resonates and drives growth.,"startup brand video production, Austin video production for startups, corporate video storytelling, branded video content, JMCo video services",Transforming a Startup’s Brand Through Video | JMCo,"Startups need more than vision—they need traction. JMCo turns early-stage ideas into sharp, story-driven videos that spark trust and fuel growth."
https://johnsonmediaco.com/2024/11/12/why-johnson-media-co-is-austins-top-choice-for-high-impact-video-production/,Austin’s Top Choice for High-Impact Video | JMCo,"JMCo specializes in high-impact video production in Austin, crafting videos that captivate audiences and drive brand success.","Austin video production services, high-impact video production Austin, corporate video production Texas, branded video content Austin, JMCo video services",Austin’s Go-To for High-Impact Video Production | JMCo,"When it needs to land hard and last long, call JMCo. We create high-impact videos that grab attention, spark emotion, and move your brand forward."
https://johnsonmediaco.com/2024/11/29/is-austin-top-choice-for-high-impact-video-production/,Why JMCo Leads Austin Video Production | JMCo,"JMCo specializes in high-impact video production in Austin, crafting videos that captivate audiences and drive brand success.","Austin video production services, high-impact video production Austin, corporate video production Texas, branded video content Austin, JMCo video services",Why JMCo Tops Austin Video Production | JMCo,"JMCo delivers standout videos that punch above their weight—smart, cinematic, and built for brand wins. Discover why Austin brands trust us to lead the way."
https://johnsonmediaco.com/2024/11/12/the-ultimate-guide-to-corporate-video-production-in-austin-elevate-your-brand-with-johnson-media-co/,Elevate Your Brand with Austin Video Production | JMCo,"Explore JMCo's comprehensive guide to corporate video production, offering insights into crafting videos that build trust and drive engagement in Austin.","corporate video production Austin, branded video content Austin, video storytelling for businesses, JMCo video services, Austin video production company",Elevate Your Brand with Austin Video Production | JMCo,Want corporate video that builds trust and gets results? JMCo breaks down how smart storytelling and sharp visuals turn business goals into brand loyalty.
https://johnsonmediaco.com/2024/11/12/social-media-video-production-in-austin-amplify-your-brand-with-johnson-media-co/,Social Media Video Production in Austin | JMCo,"Discover how JMCo crafts compelling social media videos in Austin, enhancing brand engagement through tailored visual storytelling.","social media video production Austin, branded video content for social platforms, Austin promotional video services, JMCo social media videos, Austin video production",Social Media Video Production in Austin | JMCo,JMCo creates scroll-stopping social media videos that turn views into action. Tailored for Austin brands who want content that connects fast—and sticks.
https://johnsonmediaco.com/2024/12/03/johnson-media-co-the-leading-video-content-creation-agency-in-austin/,Top Video Production Agency in Austin | JMCo,"JMCo specializes in high-quality video production in Austin, creating emotionally resonant content that connects with audiences and elevates brands.","video content creation agency Austin, branded video production Austin, corporate video production services, JMCo video storytelling, Austin video production company",Austin’s Top Video Production Agency | JMCo,"JMCo crafts powerful, story-driven videos that connect emotionally and convert strategically. High-quality content, tailored for standout Austin brands."
https://johnsonmediaco.com/2024/11/30/empower-your-brand-with-johnson-media-co-the-premier-austin-video-marketing-agency/,Empower Your Brand with Austin's Video Experts | JMCo,"JMCo specializes in creating impactful video content in Austin, helping brands connect with audiences and drive engagement through expert storytelling.","video marketing agency Austin, branded video content Austin, promotional video production Texas, JMCo video services, Austin video marketing",Empower Your Brand with Austin’s Video Experts | JMCo,"From bold promos to brand stories that stick, JMCo helps Austin businesses win attention with video content that connects, converts, and looks world-class."
https://johnsonmediaco.com/2024/12/02/austin-brand-storytelling-transform-your-brand-with-johnson-media-co-s-captivating-video-production/,Transform Your Brand Through Video | JMCo,"Discover how JMCo crafts compelling brand stories through video production in Austin, connecting businesses with their audiences authentically.","Austin brand storytelling, video production Austin, corporate video storytelling, branded video content, JMCo video services",Transform Your Brand Through Video | JMCo,"Your brand has a story—JMCo makes it unforgettable. We craft authentic, high-impact videos in Austin that connect, convert, and set you apart."
https://johnsonmediaco.com/2024/12/06/elevate-your-marketing-with-johnson-media-co-s-video-production-consultancy-in-austin/,Strategic Video Consulting in Austin | JMCo,"JMCo offers expert video production consultancy in Austin, aligning video content with your marketing goals for impactful storytelling.","video production consultancy Austin, video marketing strategy Austin, corporate video consulting services, branded video content, JMCo video services",Strategic Video Consulting in Austin | JMCo,"Not sure what to film? JMCo helps you craft a video strategy that aligns with your brand, goals, and audience—smart storytelling with serious impact."
https://johnsonmediaco.com/2024/12/11/mastering-video-content-strategy-in-austin-elevate-your-brand-with-johnson-media-co/,Mastering Video Content Strategy in Austin | JMCo,"Elevate your brand with JMCo's expert video content strategy in Austin, aligning visuals with your business goals for maximum ROI.","video content strategy Austin, video marketing Austin, corporate video production Austin, branded video content, JMCo video services",Mastering Video Content Strategy in Austin | JMCo,"Video without strategy is just noise. JMCo helps Austin brands plan content that hits the mark—clear, creative, and built for real ROI."
https://johnsonmediaco.com/2024/12/22/maximize-your-roi-with-johnson-media-co-the-leading-video-marketing-agency-in-texas/,Elevate Your Brand with JMCo's Video Marketing,"JMCo specializes in creating impactful video content in Texas, helping brands connect with audiences and achieve measurable results.","video marketing agency Texas, branded video content Texas, promotional video production Texas, JMCo video services, Texas video marketing",Elevate Your Brand with JMCo’s Video Marketing,"We don’t just make videos—we make videos that work. JMCo helps Texas brands turn content into conversions with strategic, story-driven marketing."
https://johnsonmediaco.com/2024/12/12/austin-video-production-the-ultimate-guide-to-elevating-your-brand/,Austin Video Production: Elevate Your Brand | JMCo,"Discover how Johnson Media Co. transforms brands through expert video production in Austin, crafting compelling stories that resonate with audiences.","Austin video production, corporate video production Austin, branded video content Austin, Johnson Media Co. video services, video storytelling Austin",Austin Video Production: Elevate Your Brand | JMCo,"JMCo helps Austin brands go beyond basic video. We craft cinematic stories that connect, convert, and make your team look world-class."
https://johnsonmediaco.com/2024/12/14/austin-texas-video-production-your-path-to-visual-storytelling-excellence/,Austin Video Production: Visual Storytelling Excellence | JMCo,"Explore Johnson Media Co.'s approach to visual storytelling in Austin, delivering high-quality video content that connects with your audience.","Austin video production, visual storytelling Austin, corporate video production Austin, branded video content, Johnson Media Co. video services",Austin Video Production: Storytelling That Connects | JMCo,"Explore how JMCo crafts compelling video content in Austin that captures attention, builds connection, and elevates your brand through visual storytelling."
https://johnsonmediaco.com/2024/12/17/austin-texas-video-production-company-how-johnson-media-co-transforms-brands-through-storytelling/,Transforming Brands Through Storytelling | JMCo,"Discover how JMCo crafts compelling brand stories through video production in Austin, connecting businesses with their audiences authentically.","Austin video production company, brand storytelling Austin, corporate video production Austin, branded video content, JMCo video services",,
https://johnsonmediaco.com/2024/12/27/austin-explainer-video-production-take-your-brand-to-the-next-level-with-johnson-media-co/,Explainer Video Production in Austin | JMCo,"Discover how JMCo crafts compelling explainer videos in Austin to simplify your message, engage audiences, and drive conversions.","explainer video production Austin, animated explainer videos Austin, branded video content Austin, JMCo video services, Austin video production",,
https://johnsonmediaco.com/2024/12/24/austin-cinematic-video-production-elevating-your-brands-visual-storytelling/,Austin Cinematic Video Production | JMCo,"JMCo specializes in cinematic video production in Austin, helping businesses communicate their message through compelling visual narratives.","cinematic video production Austin, visual storytelling Austin, corporate video production Austin, branded video content, JMCo video services",Austin Cinematic Video Production | JMCo,"JMCo crafts cinematic video content in Austin that turns your message into a powerful visual story—engaging, polished, and built to resonate."
https://johnsonmediaco.com/2025/01/04/why-johnson-media-co-is-the-go-to-video-production-company-for-startups/,Austin's Go-To for Startup Video Production,"JMCo specializes in startup video production in Austin, helping new businesses connect with audiences through strategic storytelling.","startup video production Austin, video marketing for startups, branded video content for startups, JMCo video services, Austin startup videos",,
https://johnsonmediaco.com/2025/01/05/video-production-austin-small-businesses/,Video Production for Austin Small Businesses | JMCo,"Discover how JMCo crafts compelling videos for Austin's small businesses, turning visions into impactful stories that drive growth and engagement.","video production Austin small businesses, small business video marketing Austin, corporate video production Austin, branded video content, JMCo video services",,
https://johnsonmediaco.com/2025/01/07/bring-your-brand-to-life-with-johnson-media-co-custom-video-production-in-austin/,Custom Video Production in Austin | JMCo,"JMCo specializes in custom video production in Austin, helping businesses connect with audiences through compelling storytelling.","custom video production Austin, branded video content Austin, corporate video production Austin, JMCo video services, Austin video storytelling",,
https://johnsonmediaco.com/2025/01/09/top-video-production-company-in-austin-why-johnson-media-co-is-your-go-to-partner-for-impactful-storytelling/,Top Video Production Company in Austin | JMCo,"Discover how JMCo crafts compelling videos in Austin, turning visions into impactful stories that drive growth and engagement.","video production company Austin, impactful storytelling Austin, corporate video production Austin, branded video content, JMCo video services",,
https://johnsonmediaco.com/2025/01/11/high-end-video-production-in-austin-elevate-your-brand-with-johnson-media-co/,High-End Video Production in Austin | JMCo,"JMCo specializes in high-end video production in Austin, helping businesses connect with audiences through impactful storytelling and visuals.","high-end video production Austin, premium video production Austin, corporate video production Austin, branded video content, JMCo video services",,
https://johnsonmediaco.com/2025/01/13/branding-video-production-austin/,Brand Video Production in Austin | JMCo,"JMCo specializes in branding video production in Austin, helping businesses connect with audiences through strategic storytelling.","branding video production Austin, brand storytelling Austin, corporate video production Austin, branded video content, JMCo video services",,
https://johnsonmediaco.com/2025/01/13/austin-videography-services-elevate-your-brands-story-with-johnson-media-co/,Austin Videography Services | JMCo,Discover how JMCo's videography services in Austin bring your brand's story to life through compelling visuals and strategic storytelling.,"Austin videography services, brand storytelling Austin, corporate video production Austin, branded video content, JMCo video services",,
https://johnsonmediaco.com/2025/01/08/top-benefits-of-commercial-videography-for-your-business-johnson-media-co-s-expertise-in-austin/,Top Benefits of Commercial Videography | JMCo,Learn the top benefits of commercial videography and how JMCo helps Austin businesses tell compelling stories that convert viewers into customers.,"commercial videography Austin, video marketing benefits, corporate video production Austin, branded video content, JMCo video services",,
https://johnsonmediaco.com/2025/01/09/how-johnson-media-co-uses-storytelling-and-creative-video-direction-to-boost-brands/,Creative Video Direction in Austin | JMCo,"JMCo specializes in storytelling and creative video direction in Austin, helping businesses connect with audiences through impactful visual narratives.","creative video direction Austin, storytelling video production Austin, corporate video production Austin, branded video content, JMCo video services",,
https://johnsonmediaco.com/2025/01/10/austin-cinematic-video-production/,Cinematic Video Production in Austin | JMCo,"Discover how JMCo crafts cinematic videos in Austin, turning visions into impactful stories that drive growth and engagement.","cinematic video production Austin, brand storytelling Austin, corporate video production Austin, branded video content, JMCo video services",,
https://johnsonmediaco.com/2025/01/13/creative-video-direction-in-austin/,Creative Video Direction in Austin | JMCo,"JMCo specializes in creative video direction in Austin, helping businesses connect with audiences through strategic storytelling and visuals.","creative video direction Austin, storytelling video production Austin, corporate video production Austin, branded video content, JMCo video services",,
https://johnsonmediaco.com/2025/01/14/austin-explainer-video-production/,Explainer Video Production in Austin | JMCo,"Discover how JMCo crafts engaging explainer videos in Austin, simplifying complex ideas and boosting audience engagement.","explainer video production Austin, animated explainer videos Austin, corporate video production Austin, branded video content, JMCo video services",,
https://johnsonmediaco.com/2025/01/19/product-video-production-in-austin/,Product Video Production in Austin | JMCo,"Elevate your brand with JMCo’s expert product video production in Austin, delivering tailored visual narratives that resonate with your audience.","product video production Austin, product demo videos Austin, branded video content Austin, product launch videos Austin, JMCo video services",,
https://johnsonmediaco.com/2025/01/20/small-business-video-production-in-austin/,Small Business Video Production in Austin | JMCo,"JMCo specializes in small business video production in Austin, delivering tailored visual narratives that resonate with your target audience.","small business video production Austin, affordable video production Austin, branded video content Austin, JMCo video services, Austin video marketing",,
https://johnsonmediaco.com/2025/01/22/top-animation-services-in-austin/,Top Animation Services in Austin | JMCo,Discover how JMCo’s animation services in Austin simplify complex ideas and captivate audiences with engaging visuals and storytelling.,"animation services Austin, explainer video production Austin, motion graphics Austin, branded video content, JMCo animation services",,
https://johnsonmediaco.com/2025/01/24/video-production-marketing-in-austin/,Video Production Marketing in Austin | JMCo,"Elevate your brand with JMCo’s expert video marketing services in Austin, crafting impactful narratives that resonate with your audience.","video production marketing Austin, video marketing services Austin, branded video content Austin, corporate video production Austin, JMCo video services",,
https://johnsonmediaco.com/2025/01/25/real-estate-video-production-in-austin/,Real Estate Video Production in Austin | JMCo,Discover how JMCo’s real estate video production in Austin enhances property listings with compelling visuals and storytelling.,"real estate video production Austin, property video tours Austin, drone videography Austin, real estate marketing videos, JMCo video services",,
https://johnsonmediaco.com/2025/01/28/high-impact-video-production-in-austin/,High-Impact Video Production in Austin | JMCo ,"JMCo specializes in high-impact video production in Austin, helping businesses connect with audiences through strategic storytelling and visuals.","high-impact video production Austin, corporate video production Austin, branded video content Austin, JMCo video services, Austin video marketing",,
https://johnsonmediaco.com/2025/01/29/promotional-video-production-in-austin/,Crafting Compelling Promotional Videos in Austin,Discover how Johnson Media Co. creates impactful promotional videos in Austin that captivate audiences and drive brand growth.,"promotional video production Austin, brand storytelling Austin, corporate video production Austin, branded video content, Johnson Media Co. video services",,
https://johnsonmediaco.com/2025/01/31/educational-video-production-modern-learning/,Revolutionizing Learning with Educational Videos,Johnson Media Co. specializes in creating impactful educational videos that support modern learning environments and strategies.,"educational video production Austin, modern learning video content, branded educational videos, Johnson Media Co. educational services",,
https://johnsonmediaco.com/2025/01/18/animation-video-production-in-austin/,Unleashing Creativity: Animation Video Production in Austin,"Discover how Johnson Media Co. crafts bespoke animated videos in Austin, turning complex ideas into engaging visual narratives that captivate audiences.","animation video production Austin, animated video services Austin, custom animation Austin, Johnson Media Co. animation, Austin video production",,
https://johnsonmediaco.com/2025/01/27/custom-animation-video-production-in-austin/,Bring Your Story to Life with Custom Animation | JMCo,Discover how JMCo’s custom animation video production in Austin transforms your ideas into engaging visual narratives that captivate and inspire.,"custom animation video production Austin, animated storytelling Austin, branded video content Austin, JMCo animation services, Austin video production",,
https://johnsonmediaco.com/2025/01/26/online-video-production-in-austin/,Austin’s Premier Online Video Production Company,"JMCo specializes in online video production in Austin, delivering customized video solutions that resonate with your target audience.","online video production Austin, digital video marketing Austin, virtual video services Austin, JMCo video production, Austin video marketing",,
https://johnsonmediaco.com/2025/02/06/high-quality-animation-in-austin/,High-Quality Animation Services in Austin | JMCo,"JMCo specializes in creating high-quality animations in Austin, transforming complex ideas into compelling visual narratives for your business.","high-quality animation Austin, custom animated videos Austin, professional animation services Austin, JMCo animation services, Austin video production",,
https://johnsonmediaco.com/2025/02/09/professional-video-editing-for-storytelling/,Crafting Stories Through Professional Video Editing,Discover how Johnson Media Co. transforms raw footage into compelling stories with professional video editing services tailored for impactful storytelling.,"professional video editing Austin, storytelling video editing Austin, corporate video editing services Austin, Johnson Media Co. video editing, branded video content Austin",,
https://johnsonmediaco.com/2025/01/16/youtube-video-production-in-austin/,YouTube Video Production in Austin | JMCo,"JMCo specializes in YouTube video production in Austin, helping businesses create impactful videos that resonate with their target audience.","YouTube video production Austin, video marketing Austin, branded video content Austin, JMCo video services, Austin video production",,
https://johnsonmediaco.com/2025/02/11/youtube-video-production-in-austin-boost-your-brand-with-johnson-media-co/,Austin’s Top YouTube Video Production Services,Looking to boost your online presence? JMCo offers expert YouTube video production services in Austin tailored to your brand’s unique story.,"YouTube video production Austin, video marketing Austin, branded video content Austin, JMCo video services, Austin video production",,
https://johnsonmediaco.com/2025/03/12/austin-video-production-company-johnson-media-co-elevate-your-brand-with-high-quality-videos/,High-Quality Video Production in Austin | JMCo,Discover how JMCo’s high-quality video production services in Austin can amplify your brand’s message and engage your audience effectively.,"Austin video production company, high-quality video production Austin, branded video content Austin, JMCo video services, corporate video production Austin",,
https://johnsonmediaco.com/2025/03/22/youtube-video-production-in-austin-boost-your-brand-with-johnson-media-co-3/,Elevate Your Business: YouTube Video Production in Austin,Discover how Johnson Media Co.‘s YouTube video production in Austin can amplify your brand’s voice and engage your audience effectively.,"YouTube video production Austin, video marketing Austin, branded video content Austin, Johnson Media Co. video services, Austin video production",,
https://johnsonmediaco.com/2025/03/21/nonprofit-video-production-austin-johnson-media-co/,Empowering Nonprofits: Video Production in Austin,"JMCo. specializes in nonprofit video production in Austin, helping organizations tell their stories and connect with their communities.","nonprofit video production Austin, nonprofit storytelling Austin, branded video content Austin, Johnson Media Co. video services, Austin video production",,
https://johnsonmediaco.com/2025/03/28/corporate-video-production-in-austin-why-johnson-media-co-is-the-perfect-choice/,Crafting Impactful Corporate Videos in Austin | JMCo,Discover how Johnson Media Co. creates compelling corporate videos in Austin that tell your brand’s story and drive meaningful engagement.,"corporate video production Austin, corporate storytelling Austin, branded video content Austin, Johnson Media Co. video services, Austin video production",,
https://johnsonmediaco.com/2025/03/25/high-end-video-production-in-austin-elevate-your-brand/,High-End Video Production in Austin | JMCo,"JMCo crafts cinematic, high-end video content in Austin—designed to move audiences and elevate premium brands with purpose and polish.","high-end video production Austin, Austin brand video, Austin creative agency, premium video content, Austin filmmakers, JMCo video production",,
https://johnsonmediaco.com/2025/03/23/animated-video-production-services-austin-johnson-media-co/,Animated Video Production in Austin | JMCo,"JMCo specializes in creating animated videos in Austin that captivate viewers, simplify information, and drive engagement for your brand.","animated video production Austin, explainer video services Austin, branded video content Austin, JMCo animation services, Austin video production",,
https://johnsonmediaco.com/2025/03/26/austin-production-company-video-storytelling/,Austin Video Storytelling Experts | JMCo,"JMCo offers top-tier video production services in Austin, transforming your brand’s message into engaging visual narratives that drive results.","Austin video production company, video storytelling Austin, branded video content Austin, JMCo video services, corporate video production Austin",,
https://johnsonmediaco.com/2025/03/17/austin-production-company-elevate-your-brand-with-video/,Transform Your Brand Through Video | JMCo Austin,Looking to enhance your brand’s story? JMCo specializes in creating impactful videos in Austin that connect with your audience and drive results.,"Austin video production company, video storytelling Austin, branded video content Austin, JMCo video services, corporate video production Austin",,
https://johnsonmediaco.com/2025/03/13/austin-production-company-elevating-your-brand-through-creative-video-storytelling/,Tell Your Brand Story with Video | JMCo,"JMCo offers expert video production services in Austin, helping businesses tell their stories through high-quality, engaging visual content.","Austin video production company, creative video storytelling Austin, branded video content Austin, JMCo video services, corporate video production Austin",,
https://johnsonmediaco.com/2025/04/02/music-video-production-austin-tx/,Music Video Production in Austin | JMCo,"From concept to final cut, JMCo delivers high-quality music videos in Austin that tell your story and showcase your artistry.","music video production Austin, Austin music video services, JMCo music videos, Austin video production, music videography Austin",,
https://johnsonmediaco.com/2025/04/01/top-production-studios-in-austin-tx/,"Top Production Studio in Austin, TX | JMCo",Looking for the best production studio in Austin? JMCo is a premier studio offering cutting-edge resources for your next project.,"top production studios Austin, Austin production studios, film studios Austin TX, JMCo production guide, best studios in Austin","Top Production Studio in Austin, TX | JMCo","JMCo is Austin’s go-to production studio—offering world-class equipment, creative expertise, and a team that brings your vision to life."
https://johnsonmediaco.com/2025/04/03/creative-video-productions-that-elevate-your-brand/,Creative Video Productions in Austin | JMCo,Looking to enhance your brand’s storytelling? JMCo specializes in crafting unique videos in Austin that resonate with your audience and drive results.,"creative video production Austin, brand storytelling Austin, JMCo video services, Austin video production, engaging video content Austin",,
https://johnsonmediaco.com/2025/04/04/ad-agency-video-production/,Ad Agency Video Production in Austin | JMCo,Looking for expert video production in Austin? JMCo specializes in creating impactful videos that align with your brand’s vision and engage your target audience.,"ad agency video production Austin, Austin video production services, JMCo video production, branded video content Austin, corporate video production Austin",,
https://johnsonmediaco.com/2025/04/05/creative-video-agency/,Creative Video Agency in Austin | JMCo,Looking for expert video storytelling in Austin? JMCo specializes in creating impactful videos that connect with your audience and strengthen your brand.,"creative video agency Austin, video storytelling Austin, branded video content Austin, JMCo video services, corporate video production Austin",,
https://johnsonmediaco.com/2025/04/06/top-media-companies-transformative-video-production/,Transformative Video Production in Austin | JMCo,Discover how top media companies in Austin are revolutionizing brand storytelling through transformative video production services.,"top media companies Austin, transformative video production, Austin video production services, media firms in Austin, brand storytelling Austin",,
https://johnsonmediaco.com/2025/04/07/creative-video-company-custom-content/,Creative Video Company in Austin | JMCo,"JMCo offers tailored video production services in Austin, transforming your brand’s story into compelling visual content that drives results.","creative video company Austin, custom video content Austin, JMCo video production, branded video content Austin, corporate video production Austin",,
https://johnsonmediaco.com/2025/04/08/community-films-video-storytelling/,JMCo: Crafting Impactful Community Stories,Looking to showcase your brand’s mission? JMCo specializes in creating community films that resonate and inspire meaningful engagement.,"community video storytelling Austin, authentic brand storytelling, JMCo community films, Austin video production, impactful video narratives",,
https://johnsonmediaco.com/2025/04/09/video-editing-services-austin/,Professional Video Editing Services in Austin | JMCo,Looking for top-tier video editing in Austin? JMCo specializes in crafting polished videos that align with your brand’s vision and engage viewers.,"video editing services Austin, professional video editing Austin, JMCo video editing, Austin video post-production, custom video editing Austin",,
https://johnsonmediaco.com/2025/04/10/luxury-brand-video-production-austin/,Luxury Brand Video Production in Austin | JMCo,"JMCo offers premium video production services in Austin, transforming luxury brand narratives into compelling visual experiences.","luxury brand video production Austin, high-end video production Austin, JMCo luxury video services, premium video content Austin, bespoke video storytelling",,
https://johnsonmediaco.com/2025/04/11/vfx-austin-premium-visual-effects-guide/,Premium Visual Effects in Austin | JMCo,"JMCo offers top-tier visual effects in Austin, blending creativity and technology to bring your brand’s story to life with stunning precision.","VFX services Austin, premium visual effects Austin, JMCo VFX, Austin video production, high-quality VFX Austin",,
https://johnsonmediaco.com/2025/04/12/explainer-video-production-austin/,JMCo: Crafting Engaging Explainer Videos in Austin,Looking to convey your message clearly? JMCo specializes in creating explainer videos in Austin that captivate and inform your target audience.,"explainer video production Austin, JMCo explainer videos, animated explainer videos Austin, corporate video production Austin, visual storytelling Austin",,
https://johnsonmediaco.com/2025/04/13/motion-graphics-austin/,Dynamic Motion Graphics in Austin | JMCo,Looking to enhance your brand’s message? JMCo specializes in creating compelling motion graphics in Austin that resonate with viewers.,"motion graphics Austin, JMCo motion graphics, dynamic visual storytelling, Austin video production, engaging motion design",,
https://johnsonmediaco.com/2025/04/14/production-studios-in-austin/,,,,,
https://johnsonmediaco.com/2025/04/16/music-video-production-austin/,,,,,
https://johnsonmediaco.com/2025/04/18/film-companies-in-austin-tx/,,,,,
https://johnsonmediaco.com/2025/04/17/production-studios-in-austin-2/,,,,,
https://johnsonmediaco.com/2025/04/19/industrial-video-production-austin/,,,,,
https://johnsonmediaco.com/2025/04/20/industrial-video-production-austin-2/,,,,,
https://johnsonmediaco.com/2025/04/21/professional-video-production-austin/,,,,,
https://johnsonmediaco.com/2025/04/22/austin-production-company/,,,,,
https://johnsonmediaco.com/2025/04/25/johnson-media-video-production-austin-tx/,,,,,
https://johnsonmediaco.com/2025/04/28/texas-narrative-video-production-johnson-media/,,,,,
https://johnsonmediaco.com/2025/04/27/austin-video-production-that-listens-why-brands-choose-johnson-media-co/,,,,,
https://johnsonmediaco.com/2025/04/29/texas-narrative-video-production-johnson-media-2/,,,,,
https://johnsonmediaco.com/2025/04/30/texas-narrative-video-production-johnson-media-3/,,,,,
https://johnsonmediaco.com/2025/05/01/professional-video-production-austin-2/,,,,,
https://johnsonmediaco.com/2025/05/02/elevate-your-brand-with-premier-austin-texas-video-production/,,,,,
https://johnsonmediaco.com/2025/05/03/why-johnson-media-co-is-the-best-choice-for-video-production-for-non-profit-organizations/,,,,,
https://johnsonmediaco.com/2025/05/04/why-johnson-media-co-stands-out-among-production-companies-in-texas/,,,,,
https://johnsonmediaco.com/2025/05/05/austin-video-production-that-listens-why-brands-choose-johnson-media-co-2/,,,,,
https://johnsonmediaco.com/2025/05/06/corporate-video-services-in-austin-why-johnson-media-co-is-your-strategic-creative-partner/,,,,,
https://johnsonmediaco.com/2025/05/07/why-johnson-media-co-is-your-best-choice-for-austin-agency-video-production/,,,,,
https://johnsonmediaco.com/2025/05/08/austin-video-marketing-7-ways-johnson-media-co-turns-vision-into-impactful-content/,,,,,
https://johnsonmediaco.com/2025/05/09/corporate-film-production-in-austin-that-actually-feels-like-your-brand/,,,,,
https://johnsonmediaco.com/2025/05/11/top-film-companies-in-austin-tx-why-johnson-media-co-is-your-best-creative-partner/,,,,,
https://johnsonmediaco.com/work/bezi/,,,,,
https://johnsonmediaco.com/work/wedge/,,,,,
https://johnsonmediaco.com/work/why-equi/,,,,,
https://johnsonmediaco.com/work/meet-ceo/,,,,,
https://johnsonmediaco.com/work/meet-cio/,,,,,
https://johnsonmediaco.com/work/texas-health-and-human-resources/,,,,,
https://johnsonmediaco.com/work/google-mio/,,,,,
https://johnsonmediaco.com/work/caritas-of-austin-2016/,,,,,
https://johnsonmediaco.com/work/hill-country-conservancy/,,,,,
https://johnsonmediaco.com/work/aia-homes-tour-2020-alterstudio/,,,,,
https://johnsonmediaco.com/work/texas-targeted-opioid-response/,,,,,
https://johnsonmediaco.com/work/perigon/,,,,,
https://johnsonmediaco.com/work/truewind/,,,,,
https://johnsonmediaco.com/work/restream-solutions/,,,,,
https://johnsonmediaco.com/work/auto-provisioning/,,,,,
https://johnsonmediaco.com/work/mr-rogers-emotional-intelligence/,,,,,
https://johnsonmediaco.com/work/fox-robotics/,,,,,
https://johnsonmediaco.com/work/escobedo-group/,,,,,
https://johnsonmediaco.com/work/significo/,,,,,
https://johnsonmediaco.com/work/the-method-of-places/,,,,,
https://johnsonmediaco.com/work/the-cloudbuster-nine/,,,,,
https://johnsonmediaco.com/work/visual-effects/,,,,,
https://johnsonmediaco.com/work/local-schools-local-impact/,,,,,
https://johnsonmediaco.com/work/the-future-of-3d-design/,,,,,
https://johnsonmediaco.com/work/more-resources-safer-community/,,,,,
https://johnsonmediaco.com/work/chuck-amr/,,,,,
https://johnsonmediaco.com/work/mio/,,,,,
https://johnsonmediaco.com/work/zoom-mio/,,,,,